GSE	GSE_type	GSE_relation	GSM	GSM_type	GSM_source_name_ch1	GSM_channel_count	GSM_organism_ch1	GSM_taxid_ch1	GSM_characteristics_ch1	GPL	GSM_supplementary_file	GSM_source_name_ch2	GSM_organism_ch2	GSM_taxid_ch2	GSM_characteristics_ch2	GPL_technology	GPL_distribution	GPL_organism	GPL_taxid	GPL_manufacturer	GPL_supplementary_file
GSE27338	Expression profiling by array	BioProject: https://www.ncbi.nlm.nih.gov/bioproject/PRJNA137297	GSM675861	RNA	1G	1	Caenorhabditis elegans	6239	strain: N2 wild type;developmental stage: adult	GPL11346	ftp://ftp.ncbi.nlm.nih.gov/geo/samples/GSM675nnn/GSM675861/suppl/GSM675861.txt.gz	None	None	None	None	in situ oligonucleotide	commercial	Caenorhabditis elegans	6239	Agilent Technologies	None
GSE27338	Expression profiling by array	BioProject: https://www.ncbi.nlm.nih.gov/bioproject/PRJNA137297	GSM675862	RNA	1G	1	Caenorhabditis elegans	6239	strain: N2 wild type;developmental stage: adult	GPL11346	ftp://ftp.ncbi.nlm.nih.gov/geo/samples/GSM675nnn/GSM675862/suppl/GSM675862.txt.gz	None	None	None	None	in situ oligonucleotide	commercial	Caenorhabditis elegans	6239	Agilent Technologies	None
GSE27338	Expression profiling by array	BioProject: https://www.ncbi.nlm.nih.gov/bioproject/PRJNA137297	GSM675863	RNA	1G	1	Caenorhabditis elegans	6239	strain: N2 wild type;developmental stage: adult	GPL11346	ftp://ftp.ncbi.nlm.nih.gov/geo/samples/GSM675nnn/GSM675863/suppl/GSM675863.txt.gz	None	None	None	None	in situ oligonucleotide	commercial	Caenorhabditis elegans	6239	Agilent Technologies	None
GSE27338	Expression profiling by array	BioProject: https://www.ncbi.nlm.nih.gov/bioproject/PRJNA137297	GSM675864	RNA	microG	1	Caenorhabditis elegans	6239	strain: N2 wild type;developmental stage: adult	GPL11346	ftp://ftp.ncbi.nlm.nih.gov/geo/samples/GSM675nnn/GSM675864/suppl/GSM675864.txt.gz	None	None	None	None	in situ oligonucleotide	commercial	Caenorhabditis elegans	6239	Agilent Technologies	None
GSE27338	Expression profiling by array	BioProject: https://www.ncbi.nlm.nih.gov/bioproject/PRJNA137297	GSM675865	RNA	microG	1	Caenorhabditis elegans	6239	strain: N2 wild type;developmental stage: adult	GPL11346	ftp://ftp.ncbi.nlm.nih.gov/geo/samples/GSM675nnn/GSM675865/suppl/GSM675865.txt.gz	None	None	None	None	in situ oligonucleotide	commercial	Caenorhabditis elegans	6239	Agilent Technologies	None
GSE27338	Expression profiling by array	BioProject: https://www.ncbi.nlm.nih.gov/bioproject/PRJNA137297	GSM675866	RNA	microG	1	Caenorhabditis elegans	6239	strain: N2 wild type;developmental stage: adult	GPL11346	ftp://ftp.ncbi.nlm.nih.gov/geo/samples/GSM675nnn/GSM675866/suppl/GSM675866.txt.gz	None	None	None	None	in situ oligonucleotide	commercial	Caenorhabditis elegans	6239	Agilent Technologies	None
GSE27338	Expression profiling by array	BioProject: https://www.ncbi.nlm.nih.gov/bioproject/PRJNA137297	GSM675867	RNA	Ground control	1	Caenorhabditis elegans	6239	strain: N2 wild type;developmental stage: adult	GPL11346	ftp://ftp.ncbi.nlm.nih.gov/geo/samples/GSM675nnn/GSM675867/suppl/GSM675867.txt.gz	None	None	None	None	in situ oligonucleotide	commercial	Caenorhabditis elegans	6239	Agilent Technologies	None
GSE27338	Expression profiling by array	BioProject: https://www.ncbi.nlm.nih.gov/bioproject/PRJNA137297	GSM675868	RNA	Ground control	1	Caenorhabditis elegans	6239	strain: N2 wild type;developmental stage: adult	GPL11346	ftp://ftp.ncbi.nlm.nih.gov/geo/samples/GSM675nnn/GSM675868/suppl/GSM675868.txt.gz	None	None	None	None	in situ oligonucleotide	commercial	Caenorhabditis elegans	6239	Agilent Technologies	None
GSE27338	Expression profiling by array	BioProject: https://www.ncbi.nlm.nih.gov/bioproject/PRJNA137297	GSM675869	RNA	Ground control	1	Caenorhabditis elegans	6239	strain: N2 wild type;developmental stage: adult	GPL11346	ftp://ftp.ncbi.nlm.nih.gov/geo/samples/GSM675nnn/GSM675869/suppl/GSM675869.txt.gz	None	None	None	None	in situ oligonucleotide	commercial	Caenorhabditis elegans	6239	Agilent Technologies	None
GSE27338	Expression profiling by array	BioProject: https://www.ncbi.nlm.nih.gov/bioproject/PRJNA137297	GSM675870	RNA	1G	1	Caenorhabditis elegans	6239	strain: N2 wild type;developmental stage: adult	GPL11346	ftp://ftp.ncbi.nlm.nih.gov/geo/samples/GSM675nnn/GSM675870/suppl/GSM675870.txt.gz	None	None	None	None	in situ oligonucleotide	commercial	Caenorhabditis elegans	6239	Agilent Technologies	None
GSE27338	Expression profiling by array	BioProject: https://www.ncbi.nlm.nih.gov/bioproject/PRJNA137297	GSM675871	RNA	1G	1	Caenorhabditis elegans	6239	strain: N2 wild type;developmental stage: adult	GPL11346	ftp://ftp.ncbi.nlm.nih.gov/geo/samples/GSM675nnn/GSM675871/suppl/GSM675871.txt.gz	None	None	None	None	in situ oligonucleotide	commercial	Caenorhabditis elegans	6239	Agilent Technologies	None
GSE27338	Expression profiling by array	BioProject: https://www.ncbi.nlm.nih.gov/bioproject/PRJNA137297	GSM675872	RNA	1G	1	Caenorhabditis elegans	6239	strain: N2 wild type;developmental stage: adult	GPL11346	ftp://ftp.ncbi.nlm.nih.gov/geo/samples/GSM675nnn/GSM675872/suppl/GSM675872.txt.gz	None	None	None	None	in situ oligonucleotide	commercial	Caenorhabditis elegans	6239	Agilent Technologies	None
GSE27338	Expression profiling by array	BioProject: https://www.ncbi.nlm.nih.gov/bioproject/PRJNA137297	GSM675873	RNA	microG	1	Caenorhabditis elegans	6239	strain: N2 wild type;developmental stage: adult	GPL11346	ftp://ftp.ncbi.nlm.nih.gov/geo/samples/GSM675nnn/GSM675873/suppl/GSM675873.txt.gz	None	None	None	None	in situ oligonucleotide	commercial	Caenorhabditis elegans	6239	Agilent Technologies	None
GSE27338	Expression profiling by array	BioProject: https://www.ncbi.nlm.nih.gov/bioproject/PRJNA137297	GSM675874	RNA	microG	1	Caenorhabditis elegans	6239	strain: N2 wild type;developmental stage: adult	GPL11346	ftp://ftp.ncbi.nlm.nih.gov/geo/samples/GSM675nnn/GSM675874/suppl/GSM675874.txt.gz	None	None	None	None	in situ oligonucleotide	commercial	Caenorhabditis elegans	6239	Agilent Technologies	None
GSE27338	Expression profiling by array	BioProject: https://www.ncbi.nlm.nih.gov/bioproject/PRJNA137297	GSM675875	RNA	microG	1	Caenorhabditis elegans	6239	strain: N2 wild type;developmental stage: adult	GPL11346	ftp://ftp.ncbi.nlm.nih.gov/geo/samples/GSM675nnn/GSM675875/suppl/GSM675875.txt.gz	None	None	None	None	in situ oligonucleotide	commercial	Caenorhabditis elegans	6239	Agilent Technologies	None
GSE27338	Expression profiling by array	BioProject: https://www.ncbi.nlm.nih.gov/bioproject/PRJNA137297	GSM675876	RNA	Ground control	1	Caenorhabditis elegans	6239	strain: N2 wild type;developmental stage: adult	GPL11346	ftp://ftp.ncbi.nlm.nih.gov/geo/samples/GSM675nnn/GSM675876/suppl/GSM675876.txt.gz	None	None	None	None	in situ oligonucleotide	commercial	Caenorhabditis elegans	6239	Agilent Technologies	None
GSE27338	Expression profiling by array	BioProject: https://www.ncbi.nlm.nih.gov/bioproject/PRJNA137297	GSM675877	RNA	Ground control	1	Caenorhabditis elegans	6239	strain: N2 wild type;developmental stage: adult	GPL11346	ftp://ftp.ncbi.nlm.nih.gov/geo/samples/GSM675nnn/GSM675877/suppl/GSM675877.txt.gz	None	None	None	None	in situ oligonucleotide	commercial	Caenorhabditis elegans	6239	Agilent Technologies	None
GSE27338	Expression profiling by array	BioProject: https://www.ncbi.nlm.nih.gov/bioproject/PRJNA137297	GSM675878	RNA	Ground control	1	Caenorhabditis elegans	6239	strain: N2 wild type;developmental stage: adult	GPL11346	ftp://ftp.ncbi.nlm.nih.gov/geo/samples/GSM675nnn/GSM675878/suppl/GSM675878.txt.gz	None	None	None	None	in situ oligonucleotide	commercial	Caenorhabditis elegans	6239	Agilent Technologies	None
GSE71770	Expression profiling by array	BioProject: https://www.ncbi.nlm.nih.gov/bioproject/PRJNA292058	GSM1845018	RNA	microgravity for 4days, replicate 1	1	Caenorhabditis elegans	6239	strain: N2 wild type;Stage: Adult	GPL11346	ftp://ftp.ncbi.nlm.nih.gov/geo/samples/GSM1845nnn/GSM1845018/suppl/GSM1845018_US84100219_252018610315_S01_GE1_107_Sep09_1_1.txt.gz	None	None	None	None	in situ oligonucleotide	commercial	Caenorhabditis elegans	6239	Agilent Technologies	None
GSE71770	Expression profiling by array	BioProject: https://www.ncbi.nlm.nih.gov/bioproject/PRJNA292058	GSM1845019	RNA	microgravity for 4days, replicate 2	1	Caenorhabditis elegans	6239	strain: N2 wild type;Stage: Adult	GPL11346	ftp://ftp.ncbi.nlm.nih.gov/geo/samples/GSM1845nnn/GSM1845019/suppl/GSM1845019_US84100219_252018610315_S01_GE1_107_Sep09_1_2.txt.gz	None	None	None	None	in situ oligonucleotide	commercial	Caenorhabditis elegans	6239	Agilent Technologies	None
GSE71770	Expression profiling by array	BioProject: https://www.ncbi.nlm.nih.gov/bioproject/PRJNA292058	GSM1845020	RNA	microgravity for 4days, replicate 3	1	Caenorhabditis elegans	6239	strain: N2 wild type;Stage: Adult	GPL11346	ftp://ftp.ncbi.nlm.nih.gov/geo/samples/GSM1845nnn/GSM1845020/suppl/GSM1845020_US84100219_252018610315_S01_GE1_107_Sep09_1_3.txt.gz	None	None	None	None	in situ oligonucleotide	commercial	Caenorhabditis elegans	6239	Agilent Technologies	None
GSE71770	Expression profiling by array	BioProject: https://www.ncbi.nlm.nih.gov/bioproject/PRJNA292058	GSM1845021	RNA	artificial 1G control for 4days on orbit, replicate 1	1	Caenorhabditis elegans	6239	strain: N2 wild type;Stage: Adult	GPL11346	ftp://ftp.ncbi.nlm.nih.gov/geo/samples/GSM1845nnn/GSM1845021/suppl/GSM1845021_US84100219_252018610316_S01_GE1_107_Sep09_1_1.txt.gz	None	None	None	None	in situ oligonucleotide	commercial	Caenorhabditis elegans	6239	Agilent Technologies	None
GSE71770	Expression profiling by array	BioProject: https://www.ncbi.nlm.nih.gov/bioproject/PRJNA292058	GSM1845022	RNA	artificial 1G control for 4days on orbit, replicate 2	1	Caenorhabditis elegans	6239	strain: N2 wild type;Stage: Adult	GPL11346	ftp://ftp.ncbi.nlm.nih.gov/geo/samples/GSM1845nnn/GSM1845022/suppl/GSM1845022_US84100219_252018610316_S01_GE1_107_Sep09_1_2.txt.gz	None	None	None	None	in situ oligonucleotide	commercial	Caenorhabditis elegans	6239	Agilent Technologies	None
GSE71770	Expression profiling by array	BioProject: https://www.ncbi.nlm.nih.gov/bioproject/PRJNA292058	GSM1845023	RNA	artificial 1G control for 4days on orbit, replicate 3	1	Caenorhabditis elegans	6239	strain: N2 wild type;Stage: Adult	GPL11346	ftp://ftp.ncbi.nlm.nih.gov/geo/samples/GSM1845nnn/GSM1845023/suppl/GSM1845023_US84100219_252018610316_S01_GE1_107_Sep09_1_3.txt.gz	None	None	None	None	in situ oligonucleotide	commercial	Caenorhabditis elegans	6239	Agilent Technologies	None
GSE71770	Expression profiling by array	BioProject: https://www.ncbi.nlm.nih.gov/bioproject/PRJNA292058	GSM1845024	RNA	ground 1G control for 4days, replicate 1	1	Caenorhabditis elegans	6239	strain: N2 wild type;Stage: Adult	GPL11346	ftp://ftp.ncbi.nlm.nih.gov/geo/samples/GSM1845nnn/GSM1845024/suppl/GSM1845024_US84100219_252018610317_S01_GE1_107_Sep09_1_1.txt.gz	None	None	None	None	in situ oligonucleotide	commercial	Caenorhabditis elegans	6239	Agilent Technologies	None
GSE71770	Expression profiling by array	BioProject: https://www.ncbi.nlm.nih.gov/bioproject/PRJNA292058	GSM1845025	RNA	ground 1G control for 4days, replicate 2	1	Caenorhabditis elegans	6239	strain: N2 wild type;Stage: Adult	GPL11346	ftp://ftp.ncbi.nlm.nih.gov/geo/samples/GSM1845nnn/GSM1845025/suppl/GSM1845025_US84100219_252018610317_S01_GE1_107_Sep09_1_2.txt.gz	None	None	None	None	in situ oligonucleotide	commercial	Caenorhabditis elegans	6239	Agilent Technologies	None
GSE71770	Expression profiling by array	BioProject: https://www.ncbi.nlm.nih.gov/bioproject/PRJNA292058	GSM1845026	RNA	ground 1G control for 4days, replicate 3	1	Caenorhabditis elegans	6239	strain: N2 wild type;Stage: Adult	GPL11346	ftp://ftp.ncbi.nlm.nih.gov/geo/samples/GSM1845nnn/GSM1845026/suppl/GSM1845026_US84100219_252018610317_S01_GE1_107_Sep09_1_3.txt.gz	None	None	None	None	in situ oligonucleotide	commercial	Caenorhabditis elegans	6239	Agilent Technologies	None
GSE32949	Expression profiling by array	BioProject: https://www.ncbi.nlm.nih.gov/bioproject/PRJNA146465	GSM815900	RNA	C. elegans exposed to space conditions	1	Caenorhabditis elegans	6239	strain: CC1	GPL200	ftp://ftp.ncbi.nlm.nih.gov/geo/samples/GSM815nnn/GSM815900/suppl/GSM815900_C.elegans_080508_A1.CEL.gz;ftp://ftp.ncbi.nlm.nih.gov/geo/samples/GSM815nnn/GSM815900/suppl/GSM815900_C.elegans_080508_A1.CHP.gz	None	None	None	None	in situ oligonucleotide	commercial	Caenorhabditis elegans	6239	Affymetrix	None
GSE32949	Expression profiling by array	BioProject: https://www.ncbi.nlm.nih.gov/bioproject/PRJNA146465	GSM815901	RNA	C. elegans exposed to space conditions	1	Caenorhabditis elegans	6239	strain: CC1	GPL200	ftp://ftp.ncbi.nlm.nih.gov/geo/samples/GSM815nnn/GSM815901/suppl/GSM815901_160508_C.elegans_A2.CEL.gz;ftp://ftp.ncbi.nlm.nih.gov/geo/samples/GSM815nnn/GSM815901/suppl/GSM815901_160508_C.elegans_A2.CHP.gz	None	None	None	None	in situ oligonucleotide	commercial	Caenorhabditis elegans	6239	Affymetrix	None
GSE32949	Expression profiling by array	BioProject: https://www.ncbi.nlm.nih.gov/bioproject/PRJNA146465	GSM815902	RNA	C. elegans exposed to space conditions	1	Caenorhabditis elegans	6239	strain: CC1	GPL200	ftp://ftp.ncbi.nlm.nih.gov/geo/samples/GSM815nnn/GSM815902/suppl/GSM815902_160508_C.elegans_A3.CEL.gz;ftp://ftp.ncbi.nlm.nih.gov/geo/samples/GSM815nnn/GSM815902/suppl/GSM815902_160508_C.elegans_A3.CHP.gz	None	None	None	None	in situ oligonucleotide	commercial	Caenorhabditis elegans	6239	Affymetrix	None
GSE32949	Expression profiling by array	BioProject: https://www.ncbi.nlm.nih.gov/bioproject/PRJNA146465	GSM815903	RNA	C. elegans ground control	1	Caenorhabditis elegans	6239	strain: CC1	GPL200	ftp://ftp.ncbi.nlm.nih.gov/geo/samples/GSM815nnn/GSM815903/suppl/GSM815903_C.elegans_080508_B1.CEL.gz;ftp://ftp.ncbi.nlm.nih.gov/geo/samples/GSM815nnn/GSM815903/suppl/GSM815903_C.elegans_080508_B1.CHP.gz	None	None	None	None	in situ oligonucleotide	commercial	Caenorhabditis elegans	6239	Affymetrix	None
GSE32949	Expression profiling by array	BioProject: https://www.ncbi.nlm.nih.gov/bioproject/PRJNA146465	GSM815904	RNA	C. elegans ground control	1	Caenorhabditis elegans	6239	strain: CC1	GPL200	ftp://ftp.ncbi.nlm.nih.gov/geo/samples/GSM815nnn/GSM815904/suppl/GSM815904_C.elegans_080508_B2.CEL.gz;ftp://ftp.ncbi.nlm.nih.gov/geo/samples/GSM815nnn/GSM815904/suppl/GSM815904_C.elegans_080508_B2.CHP.gz	None	None	None	None	in situ oligonucleotide	commercial	Caenorhabditis elegans	6239	Affymetrix	None
GSE32949	Expression profiling by array	BioProject: https://www.ncbi.nlm.nih.gov/bioproject/PRJNA146465	GSM815905	RNA	C. elegans ground control	1	Caenorhabditis elegans	6239	strain: CC1	GPL200	ftp://ftp.ncbi.nlm.nih.gov/geo/samples/GSM815nnn/GSM815905/suppl/GSM815905_160508_C.elegans_B3.CEL.gz;ftp://ftp.ncbi.nlm.nih.gov/geo/samples/GSM815nnn/GSM815905/suppl/GSM815905_160508_C.elegans_B3.CHP.gz	None	None	None	None	in situ oligonucleotide	commercial	Caenorhabditis elegans	6239	Affymetrix	None
GSE71771	Expression profiling by array	BioProject: https://www.ncbi.nlm.nih.gov/bioproject/PRJNA292057	GSM1845027	RNA	Ground control sample,replicate 1	1	Caenorhabditis elegans	6239	strain: N2 wild type;Stage: Mix stage	GPL11346	ftp://ftp.ncbi.nlm.nih.gov/geo/samples/GSM1845nnn/GSM1845027/suppl/GSM1845027_US84100219_252018610357_S01_GE1_107_Sep09_1_1.txt.gz	None	None	None	None	in situ oligonucleotide	commercial	Caenorhabditis elegans	6239	Agilent Technologies	None
GSE71771	Expression profiling by array	BioProject: https://www.ncbi.nlm.nih.gov/bioproject/PRJNA292057	GSM1845028	RNA	Ground control sample,replicate 2	1	Caenorhabditis elegans	6239	strain: N2 wild type;Stage: Mix stage	GPL11346	ftp://ftp.ncbi.nlm.nih.gov/geo/samples/GSM1845nnn/GSM1845028/suppl/GSM1845028_US84100219_252018610357_S01_GE1_107_Sep09_1_2.txt.gz	None	None	None	None	in situ oligonucleotide	commercial	Caenorhabditis elegans	6239	Agilent Technologies	None
GSE71771	Expression profiling by array	BioProject: https://www.ncbi.nlm.nih.gov/bioproject/PRJNA292057	GSM1845029	RNA	Ground control sample,replicate 3	1	Caenorhabditis elegans	6239	strain: N2 wild type;Stage: Mix stage	GPL11346	ftp://ftp.ncbi.nlm.nih.gov/geo/samples/GSM1845nnn/GSM1845029/suppl/GSM1845029_US84100219_252018610357_S01_GE1_107_Sep09_1_3.txt.gz	None	None	None	None	in situ oligonucleotide	commercial	Caenorhabditis elegans	6239	Agilent Technologies	None
GSE71771	Expression profiling by array	BioProject: https://www.ncbi.nlm.nih.gov/bioproject/PRJNA292057	GSM1845030	RNA	Space flight sample, replicate 1	1	Caenorhabditis elegans	6239	strain: N2 wild type;Stage: Mix stage	GPL11346	ftp://ftp.ncbi.nlm.nih.gov/geo/samples/GSM1845nnn/GSM1845030/suppl/GSM1845030_US84100219_252018610358_S01_GE1_107_Sep09_1_1.txt.gz	None	None	None	None	in situ oligonucleotide	commercial	Caenorhabditis elegans	6239	Agilent Technologies	None
GSE71771	Expression profiling by array	BioProject: https://www.ncbi.nlm.nih.gov/bioproject/PRJNA292057	GSM1845031	RNA	Space flight sample, replicate 2	1	Caenorhabditis elegans	6239	strain: N2 wild type;Stage: Mix stage	GPL11346	ftp://ftp.ncbi.nlm.nih.gov/geo/samples/GSM1845nnn/GSM1845031/suppl/GSM1845031_US84100219_252018610358_S01_GE1_107_Sep09_1_2.txt.gz	None	None	None	None	in situ oligonucleotide	commercial	Caenorhabditis elegans	6239	Agilent Technologies	None
GSE71771	Expression profiling by array	BioProject: https://www.ncbi.nlm.nih.gov/bioproject/PRJNA292057	GSM1845032	RNA	Space flight sample, replicate 3	1	Caenorhabditis elegans	6239	strain: N2 wild type;Stage: Mix stage	GPL11346	ftp://ftp.ncbi.nlm.nih.gov/geo/samples/GSM1845nnn/GSM1845032/suppl/GSM1845032_US84100219_252018610358_S01_GE1_107_Sep09_1_3.txt.gz	None	None	None	None	in situ oligonucleotide	commercial	Caenorhabditis elegans	6239	Agilent Technologies	None
GSE36358	Expression profiling by array	BioProject: https://www.ncbi.nlm.nih.gov/bioproject/PRJNA153323	GSM889558	RNA	C.elegans N2 ground control	1	Caenorhabditis elegans	6239	strain: Bristol N2;genotype/variation: wild type;Stage: mixed;stress: 1G	GPL200	ftp://ftp.ncbi.nlm.nih.gov/geo/samples/GSM889nnn/GSM889558/suppl/GSM889558_G030040_01.CEL.gz	None	None	None	None	in situ oligonucleotide	commercial	Caenorhabditis elegans	6239	Affymetrix	None
GSE36358	Expression profiling by array	BioProject: https://www.ncbi.nlm.nih.gov/bioproject/PRJNA153323	GSM889559	RNA	C.elegans N2 ground control (lab)	1	Caenorhabditis elegans	6239	strain: Bristol N2;genotype/variation: wild type;Stage: mixed;stress: 1G	GPL200	ftp://ftp.ncbi.nlm.nih.gov/geo/samples/GSM889nnn/GSM889559/suppl/GSM889559_G030040_02.CEL.gz	None	None	None	None	in situ oligonucleotide	commercial	Caenorhabditis elegans	6239	Affymetrix	None
GSE36358	Expression profiling by array	BioProject: https://www.ncbi.nlm.nih.gov/bioproject/PRJNA153323	GSM889560	RNA	C.elegans N2 space flight	1	Caenorhabditis elegans	6239	strain: Bristol N2;genotype/variation: wild type;Stage: mixed;stress: micro gravity	GPL200	ftp://ftp.ncbi.nlm.nih.gov/geo/samples/GSM889nnn/GSM889560/suppl/GSM889560_G030040_03.CEL.gz	None	None	None	None	in situ oligonucleotide	commercial	Caenorhabditis elegans	6239	Affymetrix	None
GSE36358	Expression profiling by array	BioProject: https://www.ncbi.nlm.nih.gov/bioproject/PRJNA153323	GSM889561	RNA	C.elegans N2 Clinorotation	1	Caenorhabditis elegans	6239	strain: Bristol N2;genotype/variation: wild type;Stage: mixed;stress: random gravity vector	GPL200	ftp://ftp.ncbi.nlm.nih.gov/geo/samples/GSM889nnn/GSM889561/suppl/GSM889561_G030040_04.CEL.gz	None	None	None	None	in situ oligonucleotide	commercial	Caenorhabditis elegans	6239	Affymetrix	None
GSE36358	Expression profiling by array	BioProject: https://www.ncbi.nlm.nih.gov/bioproject/PRJNA153323	GSM889562	RNA	C.elegans N2 Hyper Gravity	1	Caenorhabditis elegans	6239	strain: Bristol N2;genotype/variation: wild type;Stage: mixed;stress: 3G	GPL200	ftp://ftp.ncbi.nlm.nih.gov/geo/samples/GSM889nnn/GSM889562/suppl/GSM889562_G030040_05.CEL.gz	None	None	None	None	in situ oligonucleotide	commercial	Caenorhabditis elegans	6239	Affymetrix	None
GSE173985	Expression profiling by array	BioProject: https://www.ncbi.nlm.nih.gov/bioproject/PRJNA727807	GSM5284006	RNA	C.elegans, N2, flight µG, 1st generation, replicate 1	1	Caenorhabditis elegans	6239	tag: Adult;genotype: N2 wild type	GPL11346	ftp://ftp.ncbi.nlm.nih.gov/geo/samples/GSM5284nnn/GSM5284006/suppl/GSM5284006_252018610887_1_1.txt.gz	None	None	None	None	in situ oligonucleotide	commercial	Caenorhabditis elegans	6239	Agilent Technologies	None
GSE173985	Expression profiling by array	BioProject: https://www.ncbi.nlm.nih.gov/bioproject/PRJNA727807	GSM5284007	RNA	C.elegans, N2, flight µG, 1st generation, replicate 2	1	Caenorhabditis elegans	6239	tag: Adult;genotype: N2 wild type	GPL11346	ftp://ftp.ncbi.nlm.nih.gov/geo/samples/GSM5284nnn/GSM5284007/suppl/GSM5284007_252018610887_1_2.txt.gz	None	None	None	None	in situ oligonucleotide	commercial	Caenorhabditis elegans	6239	Agilent Technologies	None
GSE173985	Expression profiling by array	BioProject: https://www.ncbi.nlm.nih.gov/bioproject/PRJNA727807	GSM5284008	RNA	C.elegans, RB756 hda-4 (ok518), flight µG, 1st generation, replicate 1	1	Caenorhabditis elegans	6239	tag: Adult;genotype: RB756 hda-4 (ok518)	GPL11346	ftp://ftp.ncbi.nlm.nih.gov/geo/samples/GSM5284nnn/GSM5284008/suppl/GSM5284008_252018610887_1_3.txt.gz	None	None	None	None	in situ oligonucleotide	commercial	Caenorhabditis elegans	6239	Agilent Technologies	None
GSE173985	Expression profiling by array	BioProject: https://www.ncbi.nlm.nih.gov/bioproject/PRJNA727807	GSM5284009	RNA	C.elegans, RB756 hda-4 (ok518), flight µG, 1st generation, replicate 2	1	Caenorhabditis elegans	6239	tag: Adult;genotype: RB756 hda-4 (ok518)	GPL11346	ftp://ftp.ncbi.nlm.nih.gov/geo/samples/GSM5284nnn/GSM5284009/suppl/GSM5284009_252018610887_1_4.txt.gz	None	None	None	None	in situ oligonucleotide	commercial	Caenorhabditis elegans	6239	Agilent Technologies	None
GSE173985	Expression profiling by array	BioProject: https://www.ncbi.nlm.nih.gov/bioproject/PRJNA727807	GSM5284010	RNA	C.elegans, VC199 sir-2.1 (ok434), flight µG, 1st generation, replicate 1	1	Caenorhabditis elegans	6239	tag: Adult;genotype: VC199 sir-2.1 (ok434)	GPL11346	ftp://ftp.ncbi.nlm.nih.gov/geo/samples/GSM5284nnn/GSM5284010/suppl/GSM5284010_252018610888_1_1.txt.gz	None	None	None	None	in situ oligonucleotide	commercial	Caenorhabditis elegans	6239	Agilent Technologies	None
GSE173985	Expression profiling by array	BioProject: https://www.ncbi.nlm.nih.gov/bioproject/PRJNA727807	GSM5284011	RNA	C.elegans, VC199 sir-2.1 (ok434), flight µG, 1st generation, replicate 2	1	Caenorhabditis elegans	6239	tag: Adult;genotype: VC199 sir-2.1 (ok434)	GPL11346	ftp://ftp.ncbi.nlm.nih.gov/geo/samples/GSM5284nnn/GSM5284011/suppl/GSM5284011_252018610888_1_2.txt.gz	None	None	None	None	in situ oligonucleotide	commercial	Caenorhabditis elegans	6239	Agilent Technologies	None
GSE173985	Expression profiling by array	BioProject: https://www.ncbi.nlm.nih.gov/bioproject/PRJNA727807	GSM5284012	RNA	C.elegans, N2, flight 1G, 1st generation, replicate 1	1	Caenorhabditis elegans	6239	tag: Adult;genotype: N2 wild type	GPL11346	ftp://ftp.ncbi.nlm.nih.gov/geo/samples/GSM5284nnn/GSM5284012/suppl/GSM5284012_252018610888_1_3.txt.gz	None	None	None	None	in situ oligonucleotide	commercial	Caenorhabditis elegans	6239	Agilent Technologies	None
GSE173985	Expression profiling by array	BioProject: https://www.ncbi.nlm.nih.gov/bioproject/PRJNA727807	GSM5284013	RNA	C.elegans, N2, flight 1G, 1st generation, replicate 2	1	Caenorhabditis elegans	6239	tag: Adult;genotype: N2 wild type	GPL11346	ftp://ftp.ncbi.nlm.nih.gov/geo/samples/GSM5284nnn/GSM5284013/suppl/GSM5284013_252018610888_1_4.txt.gz	None	None	None	None	in situ oligonucleotide	commercial	Caenorhabditis elegans	6239	Agilent Technologies	None
GSE173985	Expression profiling by array	BioProject: https://www.ncbi.nlm.nih.gov/bioproject/PRJNA727807	GSM5284014	RNA	C.elegans, RB756 hda-4 (ok518), flight 1G, 1st generation, replicate 1	1	Caenorhabditis elegans	6239	tag: Adult;genotype: RB756 hda-4 (ok518)	GPL11346	ftp://ftp.ncbi.nlm.nih.gov/geo/samples/GSM5284nnn/GSM5284014/suppl/GSM5284014_252018610889_1_1.txt.gz	None	None	None	None	in situ oligonucleotide	commercial	Caenorhabditis elegans	6239	Agilent Technologies	None
GSE173985	Expression profiling by array	BioProject: https://www.ncbi.nlm.nih.gov/bioproject/PRJNA727807	GSM5284015	RNA	C.elegans, RB756 hda-4 (ok518), flight 1G, 1st generation, replicate 2	1	Caenorhabditis elegans	6239	tag: Adult;genotype: RB756 hda-4 (ok518)	GPL11346	ftp://ftp.ncbi.nlm.nih.gov/geo/samples/GSM5284nnn/GSM5284015/suppl/GSM5284015_252018610889_1_2.txt.gz	None	None	None	None	in situ oligonucleotide	commercial	Caenorhabditis elegans	6239	Agilent Technologies	None
GSE173985	Expression profiling by array	BioProject: https://www.ncbi.nlm.nih.gov/bioproject/PRJNA727807	GSM5284016	RNA	C.elegans, VC199 sir-2.1 (ok434), flight 1G, 1st generation, replicate 1	1	Caenorhabditis elegans	6239	tag: Adult;genotype: VC199 sir-2.1 (ok434)	GPL11346	ftp://ftp.ncbi.nlm.nih.gov/geo/samples/GSM5284nnn/GSM5284016/suppl/GSM5284016_252018610889_1_3.txt.gz	None	None	None	None	in situ oligonucleotide	commercial	Caenorhabditis elegans	6239	Agilent Technologies	None
GSE173985	Expression profiling by array	BioProject: https://www.ncbi.nlm.nih.gov/bioproject/PRJNA727807	GSM5284017	RNA	C.elegans, VC199 sir-2.1 (ok434), flight 1G, 1st generation, replicate 2	1	Caenorhabditis elegans	6239	tag: Adult;genotype: VC199 sir-2.1 (ok434)	GPL11346	ftp://ftp.ncbi.nlm.nih.gov/geo/samples/GSM5284nnn/GSM5284017/suppl/GSM5284017_252018610889_1_4.txt.gz	None	None	None	None	in situ oligonucleotide	commercial	Caenorhabditis elegans	6239	Agilent Technologies	None
GSE173985	Expression profiling by array	BioProject: https://www.ncbi.nlm.nih.gov/bioproject/PRJNA727807	GSM5284018	RNA	C.elegans, N2, flight µG, 2nd generation, replicate 1	1	Caenorhabditis elegans	6239	tag: Adult;genotype: N2 wild type	GPL11346	ftp://ftp.ncbi.nlm.nih.gov/geo/samples/GSM5284nnn/GSM5284018/suppl/GSM5284018_252018610821_1_1.txt.gz	None	None	None	None	in situ oligonucleotide	commercial	Caenorhabditis elegans	6239	Agilent Technologies	None
GSE173985	Expression profiling by array	BioProject: https://www.ncbi.nlm.nih.gov/bioproject/PRJNA727807	GSM5284019	RNA	C.elegans, N2, flight µG, 2nd generation, replicate 2	1	Caenorhabditis elegans	6239	tag: Adult;genotype: N2 wild type	GPL11346	ftp://ftp.ncbi.nlm.nih.gov/geo/samples/GSM5284nnn/GSM5284019/suppl/GSM5284019_252018610821_1_2.txt.gz	None	None	None	None	in situ oligonucleotide	commercial	Caenorhabditis elegans	6239	Agilent Technologies	None
GSE173985	Expression profiling by array	BioProject: https://www.ncbi.nlm.nih.gov/bioproject/PRJNA727807	GSM5284020	RNA	C.elegans, RB756 hda-4 (ok518), flight µG, 2nd generation, replicate 1	1	Caenorhabditis elegans	6239	tag: Adult;genotype: RB756 hda-4 (ok518)	GPL11346	ftp://ftp.ncbi.nlm.nih.gov/geo/samples/GSM5284nnn/GSM5284020/suppl/GSM5284020_252018610821_1_3.txt.gz	None	None	None	None	in situ oligonucleotide	commercial	Caenorhabditis elegans	6239	Agilent Technologies	None
GSE173985	Expression profiling by array	BioProject: https://www.ncbi.nlm.nih.gov/bioproject/PRJNA727807	GSM5284021	RNA	C.elegans, RB756 hda-4 (ok518), flight µG, 2nd generation, replicate 2	1	Caenorhabditis elegans	6239	tag: Adult;genotype: RB756 hda-4 (ok518)	GPL11346	ftp://ftp.ncbi.nlm.nih.gov/geo/samples/GSM5284nnn/GSM5284021/suppl/GSM5284021_252018610821_1_4.txt.gz	None	None	None	None	in situ oligonucleotide	commercial	Caenorhabditis elegans	6239	Agilent Technologies	None
GSE173985	Expression profiling by array	BioProject: https://www.ncbi.nlm.nih.gov/bioproject/PRJNA727807	GSM5284022	RNA	C.elegans, VC199 sir-2.1 (ok434), flight µG, 2nd generation, replicate 1	1	Caenorhabditis elegans	6239	tag: Adult;genotype: VC199 sir-2.1 (ok434)	GPL11346	ftp://ftp.ncbi.nlm.nih.gov/geo/samples/GSM5284nnn/GSM5284022/suppl/GSM5284022_252018610822_1_1.txt.gz	None	None	None	None	in situ oligonucleotide	commercial	Caenorhabditis elegans	6239	Agilent Technologies	None
GSE173985	Expression profiling by array	BioProject: https://www.ncbi.nlm.nih.gov/bioproject/PRJNA727807	GSM5284023	RNA	C.elegans, VC199 sir-2.1 (ok434), flight µG, 2nd generation, replicate 2	1	Caenorhabditis elegans	6239	tag: Adult;genotype: VC199 sir-2.1 (ok434)	GPL11346	ftp://ftp.ncbi.nlm.nih.gov/geo/samples/GSM5284nnn/GSM5284023/suppl/GSM5284023_252018610822_1_2.txt.gz	None	None	None	None	in situ oligonucleotide	commercial	Caenorhabditis elegans	6239	Agilent Technologies	None
GSE173985	Expression profiling by array	BioProject: https://www.ncbi.nlm.nih.gov/bioproject/PRJNA727807	GSM5284024	RNA	C.elegans, N2, flight 1G, 2nd generation, replicate 1	1	Caenorhabditis elegans	6239	tag: Adult;genotype: N2 wild type	GPL11346	ftp://ftp.ncbi.nlm.nih.gov/geo/samples/GSM5284nnn/GSM5284024/suppl/GSM5284024_252018610822_1_3.txt.gz	None	None	None	None	in situ oligonucleotide	commercial	Caenorhabditis elegans	6239	Agilent Technologies	None
GSE173985	Expression profiling by array	BioProject: https://www.ncbi.nlm.nih.gov/bioproject/PRJNA727807	GSM5284025	RNA	C.elegans, N2, flight 1G, 2nd generation, replicate 2	1	Caenorhabditis elegans	6239	tag: Adult;genotype: N2 wild type	GPL11346	ftp://ftp.ncbi.nlm.nih.gov/geo/samples/GSM5284nnn/GSM5284025/suppl/GSM5284025_252018610822_1_4.txt.gz	None	None	None	None	in situ oligonucleotide	commercial	Caenorhabditis elegans	6239	Agilent Technologies	None
GSE173985	Expression profiling by array	BioProject: https://www.ncbi.nlm.nih.gov/bioproject/PRJNA727807	GSM5284026	RNA	C.elegans, RB756 hda-4 (ok518), flight 1G, 2nd generation, replicate 1	1	Caenorhabditis elegans	6239	tag: Adult;genotype: RB756 hda-4 (ok518)	GPL11346	ftp://ftp.ncbi.nlm.nih.gov/geo/samples/GSM5284nnn/GSM5284026/suppl/GSM5284026_252018610823_1_1.txt.gz	None	None	None	None	in situ oligonucleotide	commercial	Caenorhabditis elegans	6239	Agilent Technologies	None
GSE173985	Expression profiling by array	BioProject: https://www.ncbi.nlm.nih.gov/bioproject/PRJNA727807	GSM5284027	RNA	C.elegans, RB756 hda-4 (ok518), flight 1G, 2nd generation, replicate 2	1	Caenorhabditis elegans	6239	tag: Adult;genotype: RB756 hda-4 (ok518)	GPL11346	ftp://ftp.ncbi.nlm.nih.gov/geo/samples/GSM5284nnn/GSM5284027/suppl/GSM5284027_252018610823_1_2.txt.gz	None	None	None	None	in situ oligonucleotide	commercial	Caenorhabditis elegans	6239	Agilent Technologies	None
GSE173985	Expression profiling by array	BioProject: https://www.ncbi.nlm.nih.gov/bioproject/PRJNA727807	GSM5284028	RNA	C.elegans, VC199 sir-2.1 (ok434), flight 1G, 2nd generation, replicate 1	1	Caenorhabditis elegans	6239	tag: Adult;genotype: VC199 sir-2.1 (ok434)	GPL11346	ftp://ftp.ncbi.nlm.nih.gov/geo/samples/GSM5284nnn/GSM5284028/suppl/GSM5284028_252018610823_1_3.txt.gz	None	None	None	None	in situ oligonucleotide	commercial	Caenorhabditis elegans	6239	Agilent Technologies	None
GSE173985	Expression profiling by array	BioProject: https://www.ncbi.nlm.nih.gov/bioproject/PRJNA727807	GSM5284029	RNA	C.elegans, VC199 sir-2.1 (ok434), flight 1G, 2nd generation, replicate 2	1	Caenorhabditis elegans	6239	tag: Adult;genotype: VC199 sir-2.1 (ok434)	GPL11346	ftp://ftp.ncbi.nlm.nih.gov/geo/samples/GSM5284nnn/GSM5284029/suppl/GSM5284029_252018610823_1_4.txt.gz	None	None	None	None	in situ oligonucleotide	commercial	Caenorhabditis elegans	6239	Agilent Technologies	None
GSE173985	Expression profiling by array	BioProject: https://www.ncbi.nlm.nih.gov/bioproject/PRJNA727807	GSM5284030	RNA	C.elegans, N2, flight µG, 3rd generation, replicate 1	1	Caenorhabditis elegans	6239	tag: Adult;genotype: N2 wild type	GPL11346	ftp://ftp.ncbi.nlm.nih.gov/geo/samples/GSM5284nnn/GSM5284030/suppl/GSM5284030_252018610824_1_1.txt.gz	None	None	None	None	in situ oligonucleotide	commercial	Caenorhabditis elegans	6239	Agilent Technologies	None
GSE173985	Expression profiling by array	BioProject: https://www.ncbi.nlm.nih.gov/bioproject/PRJNA727807	GSM5284031	RNA	C.elegans, N2, flight µG, 3rd generation, replicate 2	1	Caenorhabditis elegans	6239	tag: Adult;genotype: N2 wild type	GPL11346	ftp://ftp.ncbi.nlm.nih.gov/geo/samples/GSM5284nnn/GSM5284031/suppl/GSM5284031_252018610824_1_2.txt.gz	None	None	None	None	in situ oligonucleotide	commercial	Caenorhabditis elegans	6239	Agilent Technologies	None
GSE173985	Expression profiling by array	BioProject: https://www.ncbi.nlm.nih.gov/bioproject/PRJNA727807	GSM5284032	RNA	C.elegans, RB756 hda-4 (ok518), flight µG, 3rd generation, replicate 1	1	Caenorhabditis elegans	6239	tag: Adult;genotype: RB756 hda-4 (ok518)	GPL11346	ftp://ftp.ncbi.nlm.nih.gov/geo/samples/GSM5284nnn/GSM5284032/suppl/GSM5284032_252018610824_1_3.txt.gz	None	None	None	None	in situ oligonucleotide	commercial	Caenorhabditis elegans	6239	Agilent Technologies	None
GSE173985	Expression profiling by array	BioProject: https://www.ncbi.nlm.nih.gov/bioproject/PRJNA727807	GSM5284033	RNA	C.elegans, RB756 hda-4 (ok518), flight µG, 3rd generation, replicate 2	1	Caenorhabditis elegans	6239	tag: Adult;genotype: RB756 hda-4 (ok518)	GPL11346	ftp://ftp.ncbi.nlm.nih.gov/geo/samples/GSM5284nnn/GSM5284033/suppl/GSM5284033_252018610824_1_4.txt.gz	None	None	None	None	in situ oligonucleotide	commercial	Caenorhabditis elegans	6239	Agilent Technologies	None
GSE173985	Expression profiling by array	BioProject: https://www.ncbi.nlm.nih.gov/bioproject/PRJNA727807	GSM5284034	RNA	C.elegans, VC199 sir-2.1 (ok434), flight µG, 3rd generation, replicate 1	1	Caenorhabditis elegans	6239	tag: Adult;genotype: VC199 sir-2.1 (ok434)	GPL11346	ftp://ftp.ncbi.nlm.nih.gov/geo/samples/GSM5284nnn/GSM5284034/suppl/GSM5284034_252018610886_1_1.txt.gz	None	None	None	None	in situ oligonucleotide	commercial	Caenorhabditis elegans	6239	Agilent Technologies	None
GSE173985	Expression profiling by array	BioProject: https://www.ncbi.nlm.nih.gov/bioproject/PRJNA727807	GSM5284035	RNA	C.elegans, VC199 sir-2.1 (ok434), flight µG, 3rd generation, replicate 2	1	Caenorhabditis elegans	6239	tag: Adult;genotype: VC199 sir-2.1 (ok434)	GPL11346	ftp://ftp.ncbi.nlm.nih.gov/geo/samples/GSM5284nnn/GSM5284035/suppl/GSM5284035_252018610886_1_2.txt.gz	None	None	None	None	in situ oligonucleotide	commercial	Caenorhabditis elegans	6239	Agilent Technologies	None
GSE173985	Expression profiling by array	BioProject: https://www.ncbi.nlm.nih.gov/bioproject/PRJNA727807	GSM5284036	RNA	C.elegans, N2, flight 1G, 3rd generation, replicate 1	1	Caenorhabditis elegans	6239	tag: Adult;genotype: N2 wild type	GPL11346	ftp://ftp.ncbi.nlm.nih.gov/geo/samples/GSM5284nnn/GSM5284036/suppl/GSM5284036_252018610886_1_3.txt.gz	None	None	None	None	in situ oligonucleotide	commercial	Caenorhabditis elegans	6239	Agilent Technologies	None
GSE173985	Expression profiling by array	BioProject: https://www.ncbi.nlm.nih.gov/bioproject/PRJNA727807	GSM5284037	RNA	C.elegans, N2, flight 1G, 3rd generation, replicate 2	1	Caenorhabditis elegans	6239	tag: Adult;genotype: N2 wild type	GPL11346	ftp://ftp.ncbi.nlm.nih.gov/geo/samples/GSM5284nnn/GSM5284037/suppl/GSM5284037_252018610886_1_4.txt.gz	None	None	None	None	in situ oligonucleotide	commercial	Caenorhabditis elegans	6239	Agilent Technologies	None
GSE173985	Expression profiling by array	BioProject: https://www.ncbi.nlm.nih.gov/bioproject/PRJNA727807	GSM5284038	RNA	C.elegans, RB756 hda-4 (ok518), flight 1G, 3rd generation, replicate 1	1	Caenorhabditis elegans	6239	tag: Adult;genotype: RB756 hda-4 (ok518)	GPL11346	ftp://ftp.ncbi.nlm.nih.gov/geo/samples/GSM5284nnn/GSM5284038/suppl/GSM5284038_252018610898_1_1.txt.gz	None	None	None	None	in situ oligonucleotide	commercial	Caenorhabditis elegans	6239	Agilent Technologies	None
GSE173985	Expression profiling by array	BioProject: https://www.ncbi.nlm.nih.gov/bioproject/PRJNA727807	GSM5284039	RNA	C.elegans, RB756 hda-4 (ok518), flight 1G, 3rd generation, replicate 2	1	Caenorhabditis elegans	6239	tag: Adult;genotype: RB756 hda-4 (ok518)	GPL11346	ftp://ftp.ncbi.nlm.nih.gov/geo/samples/GSM5284nnn/GSM5284039/suppl/GSM5284039_252018610898_1_2.txt.gz	None	None	None	None	in situ oligonucleotide	commercial	Caenorhabditis elegans	6239	Agilent Technologies	None
GSE173985	Expression profiling by array	BioProject: https://www.ncbi.nlm.nih.gov/bioproject/PRJNA727807	GSM5284040	RNA	C.elegans, VC199 sir-2.1 (ok434), flight 1G, 3rd generation, replicate 1	1	Caenorhabditis elegans	6239	tag: Adult;genotype: VC199 sir-2.1 (ok434)	GPL11346	ftp://ftp.ncbi.nlm.nih.gov/geo/samples/GSM5284nnn/GSM5284040/suppl/GSM5284040_252018610898_1_3.txt.gz	None	None	None	None	in situ oligonucleotide	commercial	Caenorhabditis elegans	6239	Agilent Technologies	None
GSE173985	Expression profiling by array	BioProject: https://www.ncbi.nlm.nih.gov/bioproject/PRJNA727807	GSM5284041	RNA	C.elegans, VC199 sir-2.1 (ok434), flight 1G, 3rd generation, replicate 2	1	Caenorhabditis elegans	6239	tag: Adult;genotype: VC199 sir-2.1 (ok434)	GPL11346	ftp://ftp.ncbi.nlm.nih.gov/geo/samples/GSM5284nnn/GSM5284041/suppl/GSM5284041_252018610898_1_4.txt.gz	None	None	None	None	in situ oligonucleotide	commercial	Caenorhabditis elegans	6239	Agilent Technologies	None
GSE173985	Expression profiling by array	BioProject: https://www.ncbi.nlm.nih.gov/bioproject/PRJNA727807	GSM5284042	RNA	C.elegans, N2, flight µG, 4th generation, replicate 1	1	Caenorhabditis elegans	6239	tag: Adult;genotype: N2 wild type	GPL11346	ftp://ftp.ncbi.nlm.nih.gov/geo/samples/GSM5284nnn/GSM5284042/suppl/GSM5284042_252018610899_1_1.txt.gz	None	None	None	None	in situ oligonucleotide	commercial	Caenorhabditis elegans	6239	Agilent Technologies	None
GSE173985	Expression profiling by array	BioProject: https://www.ncbi.nlm.nih.gov/bioproject/PRJNA727807	GSM5284043	RNA	C.elegans, N2, flight µG, 4th generation, replicate 2	1	Caenorhabditis elegans	6239	tag: Adult;genotype: N2 wild type	GPL11346	ftp://ftp.ncbi.nlm.nih.gov/geo/samples/GSM5284nnn/GSM5284043/suppl/GSM5284043_252018610899_1_2.txt.gz	None	None	None	None	in situ oligonucleotide	commercial	Caenorhabditis elegans	6239	Agilent Technologies	None
GSE173985	Expression profiling by array	BioProject: https://www.ncbi.nlm.nih.gov/bioproject/PRJNA727807	GSM5284044	RNA	C.elegans, RB756 hda-4 (ok518), flight µG, 4th generation, replicate 1	1	Caenorhabditis elegans	6239	tag: Adult;genotype: RB756 hda-4 (ok518)	GPL11346	ftp://ftp.ncbi.nlm.nih.gov/geo/samples/GSM5284nnn/GSM5284044/suppl/GSM5284044_252018610899_1_3.txt.gz	None	None	None	None	in situ oligonucleotide	commercial	Caenorhabditis elegans	6239	Agilent Technologies	None
GSE173985	Expression profiling by array	BioProject: https://www.ncbi.nlm.nih.gov/bioproject/PRJNA727807	GSM5284045	RNA	C.elegans, RB756 hda-4 (ok518), flight µG, 4th generation, replicate 2	1	Caenorhabditis elegans	6239	tag: Adult;genotype: RB756 hda-4 (ok518)	GPL11346	ftp://ftp.ncbi.nlm.nih.gov/geo/samples/GSM5284nnn/GSM5284045/suppl/GSM5284045_252018610899_1_4.txt.gz	None	None	None	None	in situ oligonucleotide	commercial	Caenorhabditis elegans	6239	Agilent Technologies	None
GSE173985	Expression profiling by array	BioProject: https://www.ncbi.nlm.nih.gov/bioproject/PRJNA727807	GSM5284046	RNA	C.elegans, VC199 sir-2.1 (ok434), flight µG, 4th generation, replicate 1	1	Caenorhabditis elegans	6239	tag: Adult;genotype: VC199 sir-2.1 (ok434)	GPL11346	ftp://ftp.ncbi.nlm.nih.gov/geo/samples/GSM5284nnn/GSM5284046/suppl/GSM5284046_252018610900_1_1.txt.gz	None	None	None	None	in situ oligonucleotide	commercial	Caenorhabditis elegans	6239	Agilent Technologies	None
GSE173985	Expression profiling by array	BioProject: https://www.ncbi.nlm.nih.gov/bioproject/PRJNA727807	GSM5284047	RNA	C.elegans, VC199 sir-2.1 (ok434), flight µG, 4th generation, replicate 2	1	Caenorhabditis elegans	6239	tag: Adult;genotype: VC199 sir-2.1 (ok434)	GPL11346	ftp://ftp.ncbi.nlm.nih.gov/geo/samples/GSM5284nnn/GSM5284047/suppl/GSM5284047_252018610900_1_2.txt.gz	None	None	None	None	in situ oligonucleotide	commercial	Caenorhabditis elegans	6239	Agilent Technologies	None
GSE173985	Expression profiling by array	BioProject: https://www.ncbi.nlm.nih.gov/bioproject/PRJNA727807	GSM5284048	RNA	C.elegans, N2, flight 1G, 4th generation, replicate 1	1	Caenorhabditis elegans	6239	tag: Adult;genotype: N2 wild type	GPL11346	ftp://ftp.ncbi.nlm.nih.gov/geo/samples/GSM5284nnn/GSM5284048/suppl/GSM5284048_252018610900_1_3.txt.gz	None	None	None	None	in situ oligonucleotide	commercial	Caenorhabditis elegans	6239	Agilent Technologies	None
GSE173985	Expression profiling by array	BioProject: https://www.ncbi.nlm.nih.gov/bioproject/PRJNA727807	GSM5284049	RNA	C.elegans, N2, flight 1G, 4th generation, replicate 2	1	Caenorhabditis elegans	6239	tag: Adult;genotype: N2 wild type	GPL11346	ftp://ftp.ncbi.nlm.nih.gov/geo/samples/GSM5284nnn/GSM5284049/suppl/GSM5284049_252018610900_1_4.txt.gz	None	None	None	None	in situ oligonucleotide	commercial	Caenorhabditis elegans	6239	Agilent Technologies	None
GSE173985	Expression profiling by array	BioProject: https://www.ncbi.nlm.nih.gov/bioproject/PRJNA727807	GSM5284050	RNA	C.elegans, RB756 hda-4 (ok518), flight 1G, 4th generation, replicate 1	1	Caenorhabditis elegans	6239	tag: Adult;genotype: RB756 hda-4 (ok518)	GPL11346	ftp://ftp.ncbi.nlm.nih.gov/geo/samples/GSM5284nnn/GSM5284050/suppl/GSM5284050_252018610901_1_1.txt.gz	None	None	None	None	in situ oligonucleotide	commercial	Caenorhabditis elegans	6239	Agilent Technologies	None
GSE173985	Expression profiling by array	BioProject: https://www.ncbi.nlm.nih.gov/bioproject/PRJNA727807	GSM5284051	RNA	C.elegans, RB756 hda-4 (ok518), flight 1G, 4th generation, replicate 2	1	Caenorhabditis elegans	6239	tag: Adult;genotype: RB756 hda-4 (ok518)	GPL11346	ftp://ftp.ncbi.nlm.nih.gov/geo/samples/GSM5284nnn/GSM5284051/suppl/GSM5284051_252018610901_1_2.txt.gz	None	None	None	None	in situ oligonucleotide	commercial	Caenorhabditis elegans	6239	Agilent Technologies	None
GSE173985	Expression profiling by array	BioProject: https://www.ncbi.nlm.nih.gov/bioproject/PRJNA727807	GSM5284052	RNA	C.elegans, VC199 sir-2.1 (ok434), flight 1G, 4th generation, replicate 1	1	Caenorhabditis elegans	6239	tag: Adult;genotype: VC199 sir-2.1 (ok434)	GPL11346	ftp://ftp.ncbi.nlm.nih.gov/geo/samples/GSM5284nnn/GSM5284052/suppl/GSM5284052_252018610901_1_3.txt.gz	None	None	None	None	in situ oligonucleotide	commercial	Caenorhabditis elegans	6239	Agilent Technologies	None
GSE173985	Expression profiling by array	BioProject: https://www.ncbi.nlm.nih.gov/bioproject/PRJNA727807	GSM5284053	RNA	C.elegans, VC199 sir-2.1 (ok434), flight 1G, 4th generation, replicate 2	1	Caenorhabditis elegans	6239	tag: Adult;genotype: VC199 sir-2.1 (ok434)	GPL11346	ftp://ftp.ncbi.nlm.nih.gov/geo/samples/GSM5284nnn/GSM5284053/suppl/GSM5284053_252018610901_1_4.txt.gz	None	None	None	None	in situ oligonucleotide	commercial	Caenorhabditis elegans	6239	Agilent Technologies	None
GSE90786	Expression profiling by array	SubSeries of: GSE90873;BioProject: https://www.ncbi.nlm.nih.gov/bioproject/PRJNA356051	GSM2412681	RNA	Caenorhabditis elegans N2, Space radiation+μg	1	Caenorhabditis elegans	6239	strain: N2;genotype: Wild-type;condition: Spaceflight static condition;major environmental factor: Space radiation+μg	GPL22731	ftp://ftp.ncbi.nlm.nih.gov/geo/samples/GSM2412nnn/GSM2412681/suppl/GSM2412681_1A_532.pair.gz;ftp://ftp.ncbi.nlm.nih.gov/geo/samples/GSM2412nnn/GSM2412681/suppl/GSM2412681_1A_532_RMA.calls.gz;ftp://ftp.ncbi.nlm.nih.gov/geo/samples/GSM2412nnn/GSM2412681/suppl/GSM2412681_1A_532_norm_RMA.pair.gz	None	None	None	None	in situ oligonucleotide	custom-commercial	Caenorhabditis elegans	6239	NimbleGen	None
GSE90786	Expression profiling by array	SubSeries of: GSE90873;BioProject: https://www.ncbi.nlm.nih.gov/bioproject/PRJNA356051	GSM2412682	RNA	Caenorhabditis elegans LS292, Space radiation+μg	1	Caenorhabditis elegans	6239	strain: LS292;genotype: dys-1(cx18) I;condition: Spaceflight static condition;major environmental factor: Space radiation+μg	GPL22731	ftp://ftp.ncbi.nlm.nih.gov/geo/samples/GSM2412nnn/GSM2412682/suppl/GSM2412682_1B_532.pair.gz;ftp://ftp.ncbi.nlm.nih.gov/geo/samples/GSM2412nnn/GSM2412682/suppl/GSM2412682_1B_532_RMA.calls.gz;ftp://ftp.ncbi.nlm.nih.gov/geo/samples/GSM2412nnn/GSM2412682/suppl/GSM2412682_1B_532_norm_RMA.pair.gz	None	None	None	None	in situ oligonucleotide	custom-commercial	Caenorhabditis elegans	6239	NimbleGen	None
GSE90786	Expression profiling by array	SubSeries of: GSE90873;BioProject: https://www.ncbi.nlm.nih.gov/bioproject/PRJNA356051	GSM2412683	RNA	Caenorhabditis elegans MT4930, Space radiation+μg	1	Caenorhabditis elegans	6239	strain: MT4930;genotype: ced-1(n1995) I;condition: Spaceflight static condition;major environmental factor: Space radiation+μg	GPL22731	ftp://ftp.ncbi.nlm.nih.gov/geo/samples/GSM2412nnn/GSM2412683/suppl/GSM2412683_1C_532.pair.gz;ftp://ftp.ncbi.nlm.nih.gov/geo/samples/GSM2412nnn/GSM2412683/suppl/GSM2412683_1C_532_RMA.calls.gz;ftp://ftp.ncbi.nlm.nih.gov/geo/samples/GSM2412nnn/GSM2412683/suppl/GSM2412683_1C_532_norm_RMA.pair.gz	None	None	None	None	in situ oligonucleotide	custom-commercial	Caenorhabditis elegans	6239	NimbleGen	None
GSE90786	Expression profiling by array	SubSeries of: GSE90873;BioProject: https://www.ncbi.nlm.nih.gov/bioproject/PRJNA356051	GSM2412684	RNA	Caenorhabditis elegans N2, Space radiation+1g	1	Caenorhabditis elegans	6239	strain: N2;genotype: Wild-type;condition: Spaceflight 1g-centrifugal condition;major environmental factor: Space radiation+1g	GPL22731	ftp://ftp.ncbi.nlm.nih.gov/geo/samples/GSM2412nnn/GSM2412684/suppl/GSM2412684_2A_532.pair.gz;ftp://ftp.ncbi.nlm.nih.gov/geo/samples/GSM2412nnn/GSM2412684/suppl/GSM2412684_2A_532_RMA.calls.gz;ftp://ftp.ncbi.nlm.nih.gov/geo/samples/GSM2412nnn/GSM2412684/suppl/GSM2412684_2A_532_norm_RMA.pair.gz	None	None	None	None	in situ oligonucleotide	custom-commercial	Caenorhabditis elegans	6239	NimbleGen	None
GSE90786	Expression profiling by array	SubSeries of: GSE90873;BioProject: https://www.ncbi.nlm.nih.gov/bioproject/PRJNA356051	GSM2412685	RNA	Caenorhabditis elegans LS292, Space radiation+1g	1	Caenorhabditis elegans	6239	strain: LS292;genotype: dys-1(cx18) I;condition: Spaceflight 1g-centrifugal condition;major environmental factor: Space radiation+1g	GPL22731	ftp://ftp.ncbi.nlm.nih.gov/geo/samples/GSM2412nnn/GSM2412685/suppl/GSM2412685_2B_532.pair.gz;ftp://ftp.ncbi.nlm.nih.gov/geo/samples/GSM2412nnn/GSM2412685/suppl/GSM2412685_2B_532_RMA.calls.gz;ftp://ftp.ncbi.nlm.nih.gov/geo/samples/GSM2412nnn/GSM2412685/suppl/GSM2412685_2B_532_norm_RMA.pair.gz	None	None	None	None	in situ oligonucleotide	custom-commercial	Caenorhabditis elegans	6239	NimbleGen	None
GSE90786	Expression profiling by array	SubSeries of: GSE90873;BioProject: https://www.ncbi.nlm.nih.gov/bioproject/PRJNA356051	GSM2412686	RNA	Caenorhabditis elegans MT4930, Space radiation+1g	1	Caenorhabditis elegans	6239	strain: MT4930;genotype: ced-1(n1995) I;condition: Spaceflight 1g-centrifugal condition;major environmental factor: Space radiation+1g	GPL22731	ftp://ftp.ncbi.nlm.nih.gov/geo/samples/GSM2412nnn/GSM2412686/suppl/GSM2412686_2C_532.pair.gz;ftp://ftp.ncbi.nlm.nih.gov/geo/samples/GSM2412nnn/GSM2412686/suppl/GSM2412686_2C_532_RMA.calls.gz;ftp://ftp.ncbi.nlm.nih.gov/geo/samples/GSM2412nnn/GSM2412686/suppl/GSM2412686_2C_532_norm_RMA.pair.gz	None	None	None	None	in situ oligonucleotide	custom-commercial	Caenorhabditis elegans	6239	NimbleGen	None
GSE90786	Expression profiling by array	SubSeries of: GSE90873;BioProject: https://www.ncbi.nlm.nih.gov/bioproject/PRJNA356051	GSM2412687	RNA	Caenorhabditis elegans N2, Ground 1g	1	Caenorhabditis elegans	6239	strain: N2;genotype: Wild-type;condition: Ground control condition;major environmental factor: 1g	GPL22731	ftp://ftp.ncbi.nlm.nih.gov/geo/samples/GSM2412nnn/GSM2412687/suppl/GSM2412687_3A_532.pair.gz;ftp://ftp.ncbi.nlm.nih.gov/geo/samples/GSM2412nnn/GSM2412687/suppl/GSM2412687_3A_532_RMA.calls.gz;ftp://ftp.ncbi.nlm.nih.gov/geo/samples/GSM2412nnn/GSM2412687/suppl/GSM2412687_3A_532_norm_RMA.pair.gz	None	None	None	None	in situ oligonucleotide	custom-commercial	Caenorhabditis elegans	6239	NimbleGen	None
GSE90786	Expression profiling by array	SubSeries of: GSE90873;BioProject: https://www.ncbi.nlm.nih.gov/bioproject/PRJNA356051	GSM2412688	RNA	Caenorhabditis elegans LS292, Ground 1g	1	Caenorhabditis elegans	6239	strain: LS292;genotype: dys-1(cx18) I;condition: Ground control condition;major environmental factor: 1g	GPL22731	ftp://ftp.ncbi.nlm.nih.gov/geo/samples/GSM2412nnn/GSM2412688/suppl/GSM2412688_3B_532.pair.gz;ftp://ftp.ncbi.nlm.nih.gov/geo/samples/GSM2412nnn/GSM2412688/suppl/GSM2412688_3B_532_RMA.calls.gz;ftp://ftp.ncbi.nlm.nih.gov/geo/samples/GSM2412nnn/GSM2412688/suppl/GSM2412688_3B_532_norm_RMA.pair.gz	None	None	None	None	in situ oligonucleotide	custom-commercial	Caenorhabditis elegans	6239	NimbleGen	None
GSE90786	Expression profiling by array	SubSeries of: GSE90873;BioProject: https://www.ncbi.nlm.nih.gov/bioproject/PRJNA356051	GSM2412689	RNA	Caenorhabditis elegans MT4930, Ground 1g	1	Caenorhabditis elegans	6239	strain: MT4930;genotype: ced-1(n1995) I;condition: Ground control condition;major environmental factor: 1g	GPL22731	ftp://ftp.ncbi.nlm.nih.gov/geo/samples/GSM2412nnn/GSM2412689/suppl/GSM2412689_3C_532.pair.gz;ftp://ftp.ncbi.nlm.nih.gov/geo/samples/GSM2412nnn/GSM2412689/suppl/GSM2412689_3C_532_RMA.calls.gz;ftp://ftp.ncbi.nlm.nih.gov/geo/samples/GSM2412nnn/GSM2412689/suppl/GSM2412689_3C_532_norm_RMA.pair.gz	None	None	None	None	in situ oligonucleotide	custom-commercial	Caenorhabditis elegans	6239	NimbleGen	None
GSE90786	Expression profiling by array	SubSeries of: GSE90873;BioProject: https://www.ncbi.nlm.nih.gov/bioproject/PRJNA356051	GSM2412690	RNA	Caenorhabditis elegans N2, Ground 1g,No transport	1	Caenorhabditis elegans	6239	strain: N2;genotype: Wild-type;condition: Ground condition without transport to the launch lad at Jiuquan,China;major environmental factor: 1g	GPL22731	ftp://ftp.ncbi.nlm.nih.gov/geo/samples/GSM2412nnn/GSM2412690/suppl/GSM2412690_4A_532.pair.gz;ftp://ftp.ncbi.nlm.nih.gov/geo/samples/GSM2412nnn/GSM2412690/suppl/GSM2412690_4A_532_RMA.calls.gz;ftp://ftp.ncbi.nlm.nih.gov/geo/samples/GSM2412nnn/GSM2412690/suppl/GSM2412690_4A_532_norm_RMA.pair.gz	None	None	None	None	in situ oligonucleotide	custom-commercial	Caenorhabditis elegans	6239	NimbleGen	None
GSE90786	Expression profiling by array	SubSeries of: GSE90873;BioProject: https://www.ncbi.nlm.nih.gov/bioproject/PRJNA356051	GSM2412691	RNA	Caenorhabditis elegans LS292, Ground 1g,No transport	1	Caenorhabditis elegans	6239	strain: LS292;genotype: dys-1(cx18) I;condition: Ground condition without transport to the launch lad at Jiuquan,China;major environmental factor: 1g	GPL22731	ftp://ftp.ncbi.nlm.nih.gov/geo/samples/GSM2412nnn/GSM2412691/suppl/GSM2412691_4B_532.pair.gz;ftp://ftp.ncbi.nlm.nih.gov/geo/samples/GSM2412nnn/GSM2412691/suppl/GSM2412691_4B_532_RMA.calls.gz;ftp://ftp.ncbi.nlm.nih.gov/geo/samples/GSM2412nnn/GSM2412691/suppl/GSM2412691_4B_532_norm_RMA.pair.gz	None	None	None	None	in situ oligonucleotide	custom-commercial	Caenorhabditis elegans	6239	NimbleGen	None
GSE90786	Expression profiling by array	SubSeries of: GSE90873;BioProject: https://www.ncbi.nlm.nih.gov/bioproject/PRJNA356051	GSM2412692	RNA	Caenorhabditis elegans MT4930, Ground 1g,No transport	1	Caenorhabditis elegans	6239	strain: MT4930;genotype: ced-1(n1995) I;condition: Ground condition without transport to the launch lad at Jiuquan,China;major environmental factor: 1g	GPL22731	ftp://ftp.ncbi.nlm.nih.gov/geo/samples/GSM2412nnn/GSM2412692/suppl/GSM2412692_4C_4C_532_RMA.calls.gz;ftp://ftp.ncbi.nlm.nih.gov/geo/samples/GSM2412nnn/GSM2412692/suppl/GSM2412692_4C_532.pair.gz;ftp://ftp.ncbi.nlm.nih.gov/geo/samples/GSM2412nnn/GSM2412692/suppl/GSM2412692_4C_532_norm_RMA.pair.gz	None	None	None	None	in situ oligonucleotide	custom-commercial	Caenorhabditis elegans	6239	NimbleGen	None
GSE90873	Expression profiling by array;Non-coding RNA profiling by array	SuperSeries of: GSE90786;SuperSeries of: GSE90823;SuperSeries of: GSE90872;BioProject: https://www.ncbi.nlm.nih.gov/bioproject/PRJNA356256	GSM2412681	RNA	Caenorhabditis elegans N2, Space radiation+μg	1	Caenorhabditis elegans	6239	strain: N2;genotype: Wild-type;condition: Spaceflight static condition;major environmental factor: Space radiation+μg	GPL22731	ftp://ftp.ncbi.nlm.nih.gov/geo/samples/GSM2412nnn/GSM2412681/suppl/GSM2412681_1A_532.pair.gz;ftp://ftp.ncbi.nlm.nih.gov/geo/samples/GSM2412nnn/GSM2412681/suppl/GSM2412681_1A_532_RMA.calls.gz;ftp://ftp.ncbi.nlm.nih.gov/geo/samples/GSM2412nnn/GSM2412681/suppl/GSM2412681_1A_532_norm_RMA.pair.gz	None	None	None	None	in situ oligonucleotide	custom-commercial	Caenorhabditis elegans	6239	NimbleGen	None
GSE90873	Expression profiling by array;Non-coding RNA profiling by array	SuperSeries of: GSE90786;SuperSeries of: GSE90823;SuperSeries of: GSE90872;BioProject: https://www.ncbi.nlm.nih.gov/bioproject/PRJNA356256	GSM2412682	RNA	Caenorhabditis elegans LS292, Space radiation+μg	1	Caenorhabditis elegans	6239	strain: LS292;genotype: dys-1(cx18) I;condition: Spaceflight static condition;major environmental factor: Space radiation+μg	GPL22731	ftp://ftp.ncbi.nlm.nih.gov/geo/samples/GSM2412nnn/GSM2412682/suppl/GSM2412682_1B_532.pair.gz;ftp://ftp.ncbi.nlm.nih.gov/geo/samples/GSM2412nnn/GSM2412682/suppl/GSM2412682_1B_532_RMA.calls.gz;ftp://ftp.ncbi.nlm.nih.gov/geo/samples/GSM2412nnn/GSM2412682/suppl/GSM2412682_1B_532_norm_RMA.pair.gz	None	None	None	None	in situ oligonucleotide	custom-commercial	Caenorhabditis elegans	6239	NimbleGen	None
GSE90873	Expression profiling by array;Non-coding RNA profiling by array	SuperSeries of: GSE90786;SuperSeries of: GSE90823;SuperSeries of: GSE90872;BioProject: https://www.ncbi.nlm.nih.gov/bioproject/PRJNA356256	GSM2412683	RNA	Caenorhabditis elegans MT4930, Space radiation+μg	1	Caenorhabditis elegans	6239	strain: MT4930;genotype: ced-1(n1995) I;condition: Spaceflight static condition;major environmental factor: Space radiation+μg	GPL22731	ftp://ftp.ncbi.nlm.nih.gov/geo/samples/GSM2412nnn/GSM2412683/suppl/GSM2412683_1C_532.pair.gz;ftp://ftp.ncbi.nlm.nih.gov/geo/samples/GSM2412nnn/GSM2412683/suppl/GSM2412683_1C_532_RMA.calls.gz;ftp://ftp.ncbi.nlm.nih.gov/geo/samples/GSM2412nnn/GSM2412683/suppl/GSM2412683_1C_532_norm_RMA.pair.gz	None	None	None	None	in situ oligonucleotide	custom-commercial	Caenorhabditis elegans	6239	NimbleGen	None
GSE90873	Expression profiling by array;Non-coding RNA profiling by array	SuperSeries of: GSE90786;SuperSeries of: GSE90823;SuperSeries of: GSE90872;BioProject: https://www.ncbi.nlm.nih.gov/bioproject/PRJNA356256	GSM2412684	RNA	Caenorhabditis elegans N2, Space radiation+1g	1	Caenorhabditis elegans	6239	strain: N2;genotype: Wild-type;condition: Spaceflight 1g-centrifugal condition;major environmental factor: Space radiation+1g	GPL22731	ftp://ftp.ncbi.nlm.nih.gov/geo/samples/GSM2412nnn/GSM2412684/suppl/GSM2412684_2A_532.pair.gz;ftp://ftp.ncbi.nlm.nih.gov/geo/samples/GSM2412nnn/GSM2412684/suppl/GSM2412684_2A_532_RMA.calls.gz;ftp://ftp.ncbi.nlm.nih.gov/geo/samples/GSM2412nnn/GSM2412684/suppl/GSM2412684_2A_532_norm_RMA.pair.gz	None	None	None	None	in situ oligonucleotide	custom-commercial	Caenorhabditis elegans	6239	NimbleGen	None
GSE90873	Expression profiling by array;Non-coding RNA profiling by array	SuperSeries of: GSE90786;SuperSeries of: GSE90823;SuperSeries of: GSE90872;BioProject: https://www.ncbi.nlm.nih.gov/bioproject/PRJNA356256	GSM2412685	RNA	Caenorhabditis elegans LS292, Space radiation+1g	1	Caenorhabditis elegans	6239	strain: LS292;genotype: dys-1(cx18) I;condition: Spaceflight 1g-centrifugal condition;major environmental factor: Space radiation+1g	GPL22731	ftp://ftp.ncbi.nlm.nih.gov/geo/samples/GSM2412nnn/GSM2412685/suppl/GSM2412685_2B_532.pair.gz;ftp://ftp.ncbi.nlm.nih.gov/geo/samples/GSM2412nnn/GSM2412685/suppl/GSM2412685_2B_532_RMA.calls.gz;ftp://ftp.ncbi.nlm.nih.gov/geo/samples/GSM2412nnn/GSM2412685/suppl/GSM2412685_2B_532_norm_RMA.pair.gz	None	None	None	None	in situ oligonucleotide	custom-commercial	Caenorhabditis elegans	6239	NimbleGen	None
GSE90873	Expression profiling by array;Non-coding RNA profiling by array	SuperSeries of: GSE90786;SuperSeries of: GSE90823;SuperSeries of: GSE90872;BioProject: https://www.ncbi.nlm.nih.gov/bioproject/PRJNA356256	GSM2412686	RNA	Caenorhabditis elegans MT4930, Space radiation+1g	1	Caenorhabditis elegans	6239	strain: MT4930;genotype: ced-1(n1995) I;condition: Spaceflight 1g-centrifugal condition;major environmental factor: Space radiation+1g	GPL22731	ftp://ftp.ncbi.nlm.nih.gov/geo/samples/GSM2412nnn/GSM2412686/suppl/GSM2412686_2C_532.pair.gz;ftp://ftp.ncbi.nlm.nih.gov/geo/samples/GSM2412nnn/GSM2412686/suppl/GSM2412686_2C_532_RMA.calls.gz;ftp://ftp.ncbi.nlm.nih.gov/geo/samples/GSM2412nnn/GSM2412686/suppl/GSM2412686_2C_532_norm_RMA.pair.gz	None	None	None	None	in situ oligonucleotide	custom-commercial	Caenorhabditis elegans	6239	NimbleGen	None
GSE90873	Expression profiling by array;Non-coding RNA profiling by array	SuperSeries of: GSE90786;SuperSeries of: GSE90823;SuperSeries of: GSE90872;BioProject: https://www.ncbi.nlm.nih.gov/bioproject/PRJNA356256	GSM2412687	RNA	Caenorhabditis elegans N2, Ground 1g	1	Caenorhabditis elegans	6239	strain: N2;genotype: Wild-type;condition: Ground control condition;major environmental factor: 1g	GPL22731	ftp://ftp.ncbi.nlm.nih.gov/geo/samples/GSM2412nnn/GSM2412687/suppl/GSM2412687_3A_532.pair.gz;ftp://ftp.ncbi.nlm.nih.gov/geo/samples/GSM2412nnn/GSM2412687/suppl/GSM2412687_3A_532_RMA.calls.gz;ftp://ftp.ncbi.nlm.nih.gov/geo/samples/GSM2412nnn/GSM2412687/suppl/GSM2412687_3A_532_norm_RMA.pair.gz	None	None	None	None	in situ oligonucleotide	custom-commercial	Caenorhabditis elegans	6239	NimbleGen	None
GSE90873	Expression profiling by array;Non-coding RNA profiling by array	SuperSeries of: GSE90786;SuperSeries of: GSE90823;SuperSeries of: GSE90872;BioProject: https://www.ncbi.nlm.nih.gov/bioproject/PRJNA356256	GSM2412688	RNA	Caenorhabditis elegans LS292, Ground 1g	1	Caenorhabditis elegans	6239	strain: LS292;genotype: dys-1(cx18) I;condition: Ground control condition;major environmental factor: 1g	GPL22731	ftp://ftp.ncbi.nlm.nih.gov/geo/samples/GSM2412nnn/GSM2412688/suppl/GSM2412688_3B_532.pair.gz;ftp://ftp.ncbi.nlm.nih.gov/geo/samples/GSM2412nnn/GSM2412688/suppl/GSM2412688_3B_532_RMA.calls.gz;ftp://ftp.ncbi.nlm.nih.gov/geo/samples/GSM2412nnn/GSM2412688/suppl/GSM2412688_3B_532_norm_RMA.pair.gz	None	None	None	None	in situ oligonucleotide	custom-commercial	Caenorhabditis elegans	6239	NimbleGen	None
GSE90873	Expression profiling by array;Non-coding RNA profiling by array	SuperSeries of: GSE90786;SuperSeries of: GSE90823;SuperSeries of: GSE90872;BioProject: https://www.ncbi.nlm.nih.gov/bioproject/PRJNA356256	GSM2412689	RNA	Caenorhabditis elegans MT4930, Ground 1g	1	Caenorhabditis elegans	6239	strain: MT4930;genotype: ced-1(n1995) I;condition: Ground control condition;major environmental factor: 1g	GPL22731	ftp://ftp.ncbi.nlm.nih.gov/geo/samples/GSM2412nnn/GSM2412689/suppl/GSM2412689_3C_532.pair.gz;ftp://ftp.ncbi.nlm.nih.gov/geo/samples/GSM2412nnn/GSM2412689/suppl/GSM2412689_3C_532_RMA.calls.gz;ftp://ftp.ncbi.nlm.nih.gov/geo/samples/GSM2412nnn/GSM2412689/suppl/GSM2412689_3C_532_norm_RMA.pair.gz	None	None	None	None	in situ oligonucleotide	custom-commercial	Caenorhabditis elegans	6239	NimbleGen	None
GSE90873	Expression profiling by array;Non-coding RNA profiling by array	SuperSeries of: GSE90786;SuperSeries of: GSE90823;SuperSeries of: GSE90872;BioProject: https://www.ncbi.nlm.nih.gov/bioproject/PRJNA356256	GSM2412690	RNA	Caenorhabditis elegans N2, Ground 1g,No transport	1	Caenorhabditis elegans	6239	strain: N2;genotype: Wild-type;condition: Ground condition without transport to the launch lad at Jiuquan,China;major environmental factor: 1g	GPL22731	ftp://ftp.ncbi.nlm.nih.gov/geo/samples/GSM2412nnn/GSM2412690/suppl/GSM2412690_4A_532.pair.gz;ftp://ftp.ncbi.nlm.nih.gov/geo/samples/GSM2412nnn/GSM2412690/suppl/GSM2412690_4A_532_RMA.calls.gz;ftp://ftp.ncbi.nlm.nih.gov/geo/samples/GSM2412nnn/GSM2412690/suppl/GSM2412690_4A_532_norm_RMA.pair.gz	None	None	None	None	in situ oligonucleotide	custom-commercial	Caenorhabditis elegans	6239	NimbleGen	None
GSE90873	Expression profiling by array;Non-coding RNA profiling by array	SuperSeries of: GSE90786;SuperSeries of: GSE90823;SuperSeries of: GSE90872;BioProject: https://www.ncbi.nlm.nih.gov/bioproject/PRJNA356256	GSM2412691	RNA	Caenorhabditis elegans LS292, Ground 1g,No transport	1	Caenorhabditis elegans	6239	strain: LS292;genotype: dys-1(cx18) I;condition: Ground condition without transport to the launch lad at Jiuquan,China;major environmental factor: 1g	GPL22731	ftp://ftp.ncbi.nlm.nih.gov/geo/samples/GSM2412nnn/GSM2412691/suppl/GSM2412691_4B_532.pair.gz;ftp://ftp.ncbi.nlm.nih.gov/geo/samples/GSM2412nnn/GSM2412691/suppl/GSM2412691_4B_532_RMA.calls.gz;ftp://ftp.ncbi.nlm.nih.gov/geo/samples/GSM2412nnn/GSM2412691/suppl/GSM2412691_4B_532_norm_RMA.pair.gz	None	None	None	None	in situ oligonucleotide	custom-commercial	Caenorhabditis elegans	6239	NimbleGen	None
GSE90873	Expression profiling by array;Non-coding RNA profiling by array	SuperSeries of: GSE90786;SuperSeries of: GSE90823;SuperSeries of: GSE90872;BioProject: https://www.ncbi.nlm.nih.gov/bioproject/PRJNA356256	GSM2412692	RNA	Caenorhabditis elegans MT4930, Ground 1g,No transport	1	Caenorhabditis elegans	6239	strain: MT4930;genotype: ced-1(n1995) I;condition: Ground condition without transport to the launch lad at Jiuquan,China;major environmental factor: 1g	GPL22731	ftp://ftp.ncbi.nlm.nih.gov/geo/samples/GSM2412nnn/GSM2412692/suppl/GSM2412692_4C_4C_532_RMA.calls.gz;ftp://ftp.ncbi.nlm.nih.gov/geo/samples/GSM2412nnn/GSM2412692/suppl/GSM2412692_4C_532.pair.gz;ftp://ftp.ncbi.nlm.nih.gov/geo/samples/GSM2412nnn/GSM2412692/suppl/GSM2412692_4C_532_norm_RMA.pair.gz	None	None	None	None	in situ oligonucleotide	custom-commercial	Caenorhabditis elegans	6239	NimbleGen	None
GSE90873	Expression profiling by array;Non-coding RNA profiling by array	SuperSeries of: GSE90786;SuperSeries of: GSE90823;SuperSeries of: GSE90872;BioProject: https://www.ncbi.nlm.nih.gov/bioproject/PRJNA356256	GSM2414644	RNA	Caenorhabditis elegans N2, Space radiation+μg	1	Caenorhabditis elegans	6239	strain: N2;genotype: Wild-type;condition: Spaceflight static condition;major environmental factor: Space radiation+μg	GPL22737	NONE	None	None	None	None	spotted oligonucleotide	custom-commercial	Caenorhabditis elegans	6239	Exiqon	None
GSE90873	Expression profiling by array;Non-coding RNA profiling by array	SuperSeries of: GSE90786;SuperSeries of: GSE90823;SuperSeries of: GSE90872;BioProject: https://www.ncbi.nlm.nih.gov/bioproject/PRJNA356256	GSM2414645	RNA	Caenorhabditis elegans LS292, Space radiation+μg	1	Caenorhabditis elegans	6239	strain: LS292;genotype: dys-1(cx18) I;condition: Spaceflight static condition;major environmental factor: Space radiation+μg	GPL22737	NONE	None	None	None	None	spotted oligonucleotide	custom-commercial	Caenorhabditis elegans	6239	Exiqon	None
GSE90873	Expression profiling by array;Non-coding RNA profiling by array	SuperSeries of: GSE90786;SuperSeries of: GSE90823;SuperSeries of: GSE90872;BioProject: https://www.ncbi.nlm.nih.gov/bioproject/PRJNA356256	GSM2414646	RNA	Caenorhabditis elegans N2, Space radiation+1g	1	Caenorhabditis elegans	6239	strain: N2;genotype: Wild-type;condition: Spaceflight 1g-centrifugal condition;major environmental factor: Space radiation+1g	GPL22737	NONE	None	None	None	None	spotted oligonucleotide	custom-commercial	Caenorhabditis elegans	6239	Exiqon	None
GSE90873	Expression profiling by array;Non-coding RNA profiling by array	SuperSeries of: GSE90786;SuperSeries of: GSE90823;SuperSeries of: GSE90872;BioProject: https://www.ncbi.nlm.nih.gov/bioproject/PRJNA356256	GSM2414647	RNA	Caenorhabditis elegans LS292,Space radiation+1g	1	Caenorhabditis elegans	6239	strain: LS292;genotype: dys-1(cx18) I;condition: Spaceflight 1g-centrifugal condition;major environmental factor: Space radiation+1g	GPL22737	NONE	None	None	None	None	spotted oligonucleotide	custom-commercial	Caenorhabditis elegans	6239	Exiqon	None
GSE90873	Expression profiling by array;Non-coding RNA profiling by array	SuperSeries of: GSE90786;SuperSeries of: GSE90823;SuperSeries of: GSE90872;BioProject: https://www.ncbi.nlm.nih.gov/bioproject/PRJNA356256	GSM2414648	RNA	Caenorhabditis elegans N2, Ground 1g	1	Caenorhabditis elegans	6239	strain: N2;genotype: Wild-type;condition: Ground control condition;major environmental factor: 1g	GPL22737	NONE	None	None	None	None	spotted oligonucleotide	custom-commercial	Caenorhabditis elegans	6239	Exiqon	None
GSE90873	Expression profiling by array;Non-coding RNA profiling by array	SuperSeries of: GSE90786;SuperSeries of: GSE90823;SuperSeries of: GSE90872;BioProject: https://www.ncbi.nlm.nih.gov/bioproject/PRJNA356256	GSM2414649	RNA	Caenorhabditis elegans LS292, Ground 1g	1	Caenorhabditis elegans	6239	strain: LS292;genotype: dys-1(cx18) I;condition: Ground control condition;major environmental factor: 1g	GPL22737	NONE	None	None	None	None	spotted oligonucleotide	custom-commercial	Caenorhabditis elegans	6239	Exiqon	None
GSE90873	Expression profiling by array;Non-coding RNA profiling by array	SuperSeries of: GSE90786;SuperSeries of: GSE90823;SuperSeries of: GSE90872;BioProject: https://www.ncbi.nlm.nih.gov/bioproject/PRJNA356256	GSM2414650	RNA	Caenorhabditis elegans N2, Ground 1g,No transport	1	Caenorhabditis elegans	6239	strain: N2;genotype: Wild-type;condition: Ground condition without transport to the launch lad at Jiuquan,China;major environmental factor: 1g	GPL22737	NONE	None	None	None	None	spotted oligonucleotide	custom-commercial	Caenorhabditis elegans	6239	Exiqon	None
GSE90873	Expression profiling by array;Non-coding RNA profiling by array	SuperSeries of: GSE90786;SuperSeries of: GSE90823;SuperSeries of: GSE90872;BioProject: https://www.ncbi.nlm.nih.gov/bioproject/PRJNA356256	GSM2414651	RNA	Caenorhabditis elegans LS292, Ground 1g,No transport	1	Caenorhabditis elegans	6239	strain: LS292;genotype: dys-1(cx18) I;condition: Ground condition without transport to the launch lad at Jiuquan,China;major environmental factor: 1g	GPL22737	NONE	None	None	None	None	spotted oligonucleotide	custom-commercial	Caenorhabditis elegans	6239	Exiqon	None
GSE90873	Expression profiling by array;Non-coding RNA profiling by array	SuperSeries of: GSE90786;SuperSeries of: GSE90823;SuperSeries of: GSE90872;BioProject: https://www.ncbi.nlm.nih.gov/bioproject/PRJNA356256	GSM2416821	RNA	Caenorhabditis elegans N2, Space radiation+μg	1	Caenorhabditis elegans	6239	strain: N2;genotype: Wild-type;condition: Spaceflight static condition;major environmental factor: Space radiation+μg	GPL22737	NONE	None	None	None	None	spotted oligonucleotide	custom-commercial	Caenorhabditis elegans	6239	Exiqon	None
GSE90873	Expression profiling by array;Non-coding RNA profiling by array	SuperSeries of: GSE90786;SuperSeries of: GSE90823;SuperSeries of: GSE90872;BioProject: https://www.ncbi.nlm.nih.gov/bioproject/PRJNA356256	GSM2416822	RNA	Caenorhabditis elegans LS292, Space radiation+μg	1	Caenorhabditis elegans	6239	strain: MT4930;genotype: ced-1(n1995) I;condition: Spaceflight static condition;major environmental factor: Space radiation+μg	GPL22737	NONE	None	None	None	None	spotted oligonucleotide	custom-commercial	Caenorhabditis elegans	6239	Exiqon	None
GSE90873	Expression profiling by array;Non-coding RNA profiling by array	SuperSeries of: GSE90786;SuperSeries of: GSE90823;SuperSeries of: GSE90872;BioProject: https://www.ncbi.nlm.nih.gov/bioproject/PRJNA356256	GSM2416823	RNA	Caenorhabditis elegans N2, Space radiation+1g	1	Caenorhabditis elegans	6239	strain: N2;genotype: Wild-type;condition: Spaceflight 1g-centrifugal condition;major environmental factor: Space radiation+1g	GPL22737	NONE	None	None	None	None	spotted oligonucleotide	custom-commercial	Caenorhabditis elegans	6239	Exiqon	None
GSE90873	Expression profiling by array;Non-coding RNA profiling by array	SuperSeries of: GSE90786;SuperSeries of: GSE90823;SuperSeries of: GSE90872;BioProject: https://www.ncbi.nlm.nih.gov/bioproject/PRJNA356256	GSM2416824	RNA	Caenorhabditis elegans LS292,Space radiation+1g	1	Caenorhabditis elegans	6239	strain: MT4930;genotype: ced-1(n1995) I;condition: Spaceflight 1g-centrifugal condition;major environmental factor: Space radiation+1g	GPL22737	NONE	None	None	None	None	spotted oligonucleotide	custom-commercial	Caenorhabditis elegans	6239	Exiqon	None
GSE90873	Expression profiling by array;Non-coding RNA profiling by array	SuperSeries of: GSE90786;SuperSeries of: GSE90823;SuperSeries of: GSE90872;BioProject: https://www.ncbi.nlm.nih.gov/bioproject/PRJNA356256	GSM2416825	RNA	Caenorhabditis elegans N2, Ground 1g	1	Caenorhabditis elegans	6239	strain: N2;genotype: Wild-type;condition: Ground control condition;major environmental factor: 1g	GPL22737	NONE	None	None	None	None	spotted oligonucleotide	custom-commercial	Caenorhabditis elegans	6239	Exiqon	None
GSE90873	Expression profiling by array;Non-coding RNA profiling by array	SuperSeries of: GSE90786;SuperSeries of: GSE90823;SuperSeries of: GSE90872;BioProject: https://www.ncbi.nlm.nih.gov/bioproject/PRJNA356256	GSM2416826	RNA	Caenorhabditis elegans LS292, Ground 1g	1	Caenorhabditis elegans	6239	strain: MT4930;genotype: ced-1(n1995) I;condition: Ground control condition;major environmental factor: 1g	GPL22737	NONE	None	None	None	None	spotted oligonucleotide	custom-commercial	Caenorhabditis elegans	6239	Exiqon	None
